#,id,first,last,address,nickname,title
0,211335,Jyxdt,Wfi,Cplvrfridb,Zzpsqffryp,Ebylw
1,995966,Atg,Gqnlt,Tqljbwbd,Lax,Pexggazbk
2,179034,Qzztddxile,Mujnqho,Kjhmxmve,Dlbm,Mjhhjfarq
3,868579,Ztuikm,Ljj,Ccnl,Sfjqjx,Gheutxtgxi
4,932718,Rdhire,Alex,Snorxy,Auhqcnivd,Zkqujpguh
5,253142,Wlpfqnkedi,Kpxyalygk,Vlzvc,Fld,Fcdyjsetq
6,460817,Pttqlrxowc,Rksrgfdle,Zwqyajklsa,Tgdg,Rfg
7,166625,Nqpma,Aatsphzbe,Iqn,Toikecj,Bspdsbvs
8,102522,Pnezanzzn,Emmgssmit,Xapdwp,Wjk,Ftdadbggy
9,281904,Luqjrunjac,Neuw,Qye,Mzwudf,Kvtgfzdaob
10,384165,Skpoygbp,Cqeqlkb,Mbazbjreu,Xwwbwhpac,Akg
11,172855,Qedmcwh,Vhdqxaohle,Fmdfmmqgt,Wllqodxo,Fgpgii
12,731809,Oho,Vpxqvhkax,Cvmpqcg,Plyzomzpax,Wrsfadjzd
13,524709,Dvllzilh,Xigwyaiske,Enkjxk,Kbttqqy,Kidz
14,296361,Cwiuuv,Fadjambn,Fxe,Oav,Ljo
15,711368,Dmwyncpzwn,Npf,Kmapqlb,Ftkgg,Mzg
16,989962,Dqagl,Yisakycb,Rfoc,Efin,Bjhnjttsi
17,165832,Kjmagntvjf,Bil,Bxupefxesu,Zsb,Gtp
18,449075,Oxt,Fshgl,Qzccvy,Wgirfrcw,Dkvwwwitjp
19,998462,Iwbmph,Ufqci,Xltuxzdpc,Tjatf,Olsezdyu
20,889322,Xtkavylkvd,Ljwwfgemg,Lbcrzdx,Skqidsw,Wmpy
21,861916,Qovawc,Ecc,Swmwu,Ziltf,Jbpig
22,847840,Oonwleu,Hoddq,Ktjrpkly,Kczstvrbaj,Wwmz
23,858872,Niwznzd,Wcwuys,Cjohodafx,Djkjynk,Xscroxkng
24,489000,Krhc,Ajhgta,Vjfceq,Cskn,Pygd
25,368623,Snvo,Dgduejmgw,Plgcomn,Ncgshwmj,Gvd
26,533188,Ijhqyqykjt,Jptbzemqmg,Yqwva,Ehmbzzgrsg,Qquyuwgj
27,433232,Jcolvnifz,Eowdyjmzb,Cebgrvibmh,Dhnhbriu,Vqueg
28,248367,Hgyds,Rnheamiija,Ubizymgg,Kmrrge,Xym
29,488931,Zvxoqvhkzi,Yguttpzms,Fdkgwjzc,Nlokaiu,Iyc
30,406757,Rcvxxtvorj,Hzbu,Drzqeiq,Mwktqkaama,Ajvk
31,811290,Gwfprcok,Arr,Rlqygczuq,Dfomkqcqu,Wawkyknz
32,458585,Uwzglukds,Lrxyijnem,Gzahrqfx,Thcd,Ashobybnjo
33,713209,Tqfj,Wgq,Hgncbbgwte,Vslq,Xckus
34,165409,Vkqzxsooab,Fwjokjfq,Oepnjtqgvf,Esretqfja,Btdm
35,257447,Ksmkobrs,Zlebirg,Fvknmfspo,Wxwywgilr,Zfehh
36,958274,Wngsrxiiu,Fwhfxwoact,Yjvv,Snpwadcccb,Wdu
37,494543,Ezb,Ziotsugz,Lytrk,Hlpoal,Nmov
38,156980,Etj,Jbatzkxmt,Ywoqgqmm,Vyajrg,Iztehlxjuw
39,675566,Dbvtdmvpxm,Suycr,Wxshqr,Vrsfj,Fzu
40,884762,Dwa,Attjehcdzu,Zsgx,Jnjqvy,Xcgfgv
41,680003,Dwulhmr,Mnboipefe,Bondjrxk,Yupwr,Hbtmdqa
42,528847,Nsscr,Jiw,Ywiaghlqc,Axcxxqqbx,Vsdhf
43,430436,Mnxve,Xvy,Sao,Orfqda,Qru
44,299115,Lgrfnofrxw,Ornir,Gorzinj,Luuhmg,Oculstpp
45,663313,Khvl,Rcz,Wrt,Abd,Atpunuyid
46,340393,Ufhn,Ceclgqvy,Fjfeglq,Cyvjec,Xhjprxnuq
47,370131,Heyo,Dmqiqpwuh,Vnh,Lphqyaul,Krdifq
48,692554,Cqdpv,Rlw,Cgxpg,Uji,Ongbyls
49,408754,Ctl,Xsq,Sbka,Hgtayxwx,Qgskatva
50,916504,Ktfqgu,Roqe,Kwkdq,Cst,Jirelhho
51,711164,Rkyg,Mnkplcmqz,Lnfqmidnu,Fra,Bzkicdl
52,224796,Ofy,Otrslyfil,Irtefthoga,Twonn,Lwpetn
53,469210,Qfuiwy,Wuwwdczz,Peolf,Ezeeppkr,Hsonfvntrx
54,989879,Dekfex,Qhdibag,Mnuwymka,Jpl,Wuz
55,183730,Ziaoktsqr,Povjygo,Zres,Yauxjxbgf,Lnezl
56,137128,Hznn,Texkgfw,Exxqmicj,Vuflxzmbnq,Ylu
57,570199,Huxqvqqn,Uacidqvf,Url,Lbtwin,Ntdursoy
58,630816,Buwgiyc,Tvrzuiqiuz,Pkwrst,Hmbtqf,Eyinkgna
59,814725,Vavei,Qwnuq,Asi,Xtdpiy,Juh
60,370633,Cjugbved,Kdv,Fngqss,Ureqlqz,Fhuutezisy
61,686846,Xttgf,Dvgb,Wramqajo,Iwxfqtj,Ahh
62,982771,Hskezpol,Drvyjhxg,Wvbntdvvzh,Fucwehym,Vqpeeytrz
63,937135,Mtjex,Wmahvbxqkh,Hifj,Agslxmusn,Zambodlaj
64,526928,Uyolbktuka,Jeeqpq,Evsmlnccws,Tyg,Yuqaxtt
65,543243,Ypfrree,Szfwrsy,Ocu,Ziosvgzqo,Fnnmzyee
66,881897,Kjzmmv,Ilwr,Icbsc,Ywcnise,Wuosrgb
67,678571,Jlyd,Qwqqf,Opiocy,Jlpdispjy,Wqsjvnha
68,645936,Sutdbzc,Yve,Dxjscjpy,Ysvwiyqt,Uhop
69,668536,Gomfk,Dlypvhms,Dupo,Llmaje,Jvmwoj
70,788256,Rxjxntc,Prsqiwre,Acraezq,Hnyhplbghy,Rbqpdzvh
71,109999,Azoeegcqhl,Mnonehx,Goepgqmx,Xxvi,Atogl
72,598715,Lphlzozfe,Xzjol,Pjua,Wyadcsjjfk,Zrpsglf
73,147263,Itszkuwryx,Qeik,Jphuzb,Oeyra,Vewcsrks
74,796910,Purkivq,Qavaby,Qocimypnru,Dqlcowj,Xmutzf
75,358589,Ddnbuyduw,Niwzl,Xcfaq,Fvzphnjhl,Mkdhqqtlv
76,342455,Difwj,Epxqos,Jfffyl,Vxq,Qglwerdn
77,693745,Zfqgwv,Joliwf,Uyety,Nvvryd,Bhq
78,259131,Gcb,Cqjvwny,Tot,Mlrxiprluk,Tqlatpfjd
79,322584,Zxnzipuumb,Emsz,Iix,Lfbxxqciex,Mzoicxnqet
80,732625,Phegycbb,Fxr,Tqsq,Cyt,Ecdvxyn
81,502822,Adcdnnzkqo,Gov,Qkzwh,Hvb,Lhswkr
82,126790,Lftvovb,Ivnhhh,Bcqlhia,Ivv,Obldaxsfz
83,961767,Eci,Pxngsjqdtr,Miuz,Zsnjmbc,Sjjutel
84,262546,Wushfpkapw,Loet,Jbxz,Fysfg,Mzgn
85,627305,Fiijzjcwf,Yjc,Yrwx,Tkrdxju,Uze
86,135253,Zbrr,Tbmgjvyjc,Cwbcrukag,Oyexbxnkb,Idqubcuhp
87,584994,Dpkyjmbzvi,Nrefhzd,Jphgjwkgs,Yfypxceblo,Gebdgsqrex
88,622769,Gsq,Fqwo,Obw,Zrrbymwy,Vqibwatank
89,282739,Qbcpyy,Uqd,Ebmb,Cbvswvo,Lypht
90,430012,Dqqosqjalg,Biq,Uqswk,Salmfuavvg,Meuq
91,477878,Efwqrs,Ublbci,Lzb,Xscc,Nhvbsrjs
92,703792,Uoos,Yivzbpctw,Yeauxdfhd,Jwmvvk,Ssb
93,604218,Puieslezd,Ffoqadq,Msrvsaebcd,Nefrr,Uwaktdw
94,193133,Erkk,Vkiaz,Noisucuje,Kqcogt,Adkkinzmj
95,178539,Yfbb,Luvdhaxeex,Kvomewgkp,Ogtssqmyi,Cvvwsppbnd
96,974053,Apm,Qker,Dbicok,Sgfjlzlmv,Hvxxg
97,507025,Cljcudsphb,Urbd,Fpcqgkhkl,Nstwqwra,Cohonznsv
98,801278,Resgj,Mpavx,Fzwijbq,Xgofewewb,Pstbyya
99,406131,Bxabg,Kih,Lyaghgjuz,Fqyzvopcbv,Eweqsicvb
100,193892,Buvdvf,Yuh,Ltl,Pbisylxr,Hwtpuqzfod
101,224434,Yhagvb,Pdhins,Xwakixap,Tuqkiwd,Vztpgfmqgl
102,233022,Fmnponezlz,Qdwkfoxux,Ncmucujw,Gtc,Tpljcengds
103,606947,Kygd,Kbgy,Rvahi,Pzmhzkfipc,Aztlchzc
104,324206,Qvgf,Hzw,Psjqwwfptk,Qnqmlakyaa,Butpwizj
105,429717,Xoih,Ptxx,Lzsxbok,Wbiaac,Vqgyeo
106,728754,Aagtjfrm,Hrblpfl,Bsdskmo,Qysbji,Zxnspuac
107,779472,Qrqgmyrvxg,Yorhxcdrqi,Ncz,Fitwmj,Fnzdtjk
108,563279,Jzyjc,Uwhyk,Styz,Ljtlixvfsr,Xgfpfwyyf
109,913038,Adknkll,Wqcm,Ammwnbbbo,Hegfqrlbg,Clxcg
110,364194,Fpvinfpv,Azmixpq,Tkksyljjsh,Uoeaa,Ejcevweiwl
111,829567,Qzcxtfpipi,Kkerkjpgi,Tos,Trki,Vuz
112,374327,Alzfcpmgc,Uqpfyhmz,Jqmop,Ffdyk,Xfslyhzuo
113,604592,Fbuuxqn,Ugoh,Yvdgthokav,Tlr,Ghyxlydvzh
114,512881,Qcwl,Hki,Dxeqppju,Imgvh,Kys
115,183367,Pfokr,Sscyp,Utons,Wkpehgvog,Lumnijd
116,370275,Ludj,Pyle,Cgxynkwxy,Rswdxx,Hmrmq
117,850590,Utb,Pqfwdi,Aqv,Iyxquhrfd,Vgb
118,441550,Cklie,Zddpbv,Lzlkxuklq,Hedznwzh,Gsnvu
119,686732,Hnixmeef,Hfxobexl,Nlsgjpu,Bkcu,Ypckx
120,722568,Orsd,Mxcqd,Ugem,Ajbrtcn,Dvgidgsh
121,412857,Fpjztmsd,Uhgpgo,Eputbfvzhy,Ely,Htiydok
122,267306,Ckxostwd,Xtqqrewaqz,Fhycux,Hnpvahef,Hkztbzfuxj
123,428315,Jli,Lhv,Uonktp,Ipagijnvku,Wcsttmcuzn
124,195024,Vpvq,Coalowad,Snrvaq,Shk,Oxyezszqbv
125,389003,Jdqv,Fnvdydercm,Hbt,Brggc,Ded
126,514742,Tydomo,Uojykf,Krwl,Aozzlvv,Sxp
127,840081,Zvtyegjzas,Ljfddvnrt,Qxxjlaoxji,Tij,Myriawwvpt
128,576683,Yilu,Hebkdyvf,Ljkcchkgzr,Gcuxszcqz,Jnocygq
129,512317,Phhd,Cjq,Zkajtzjt,Wkdbjrz,Naeqroqe
130,954159,Cjvqqkh,Rxeyl,Flghnmv,Pjllsrls,Pejalh
131,426208,Tcrhpzzba,Kgnvkeeb,Xrofi,Ioip,Lsl
132,764019,Fdp,Vjpghhgn,Yhgazoeaj,Zbajeths,Vvlmz
133,638291,Vun,Ioh,Ushyzupc,Jlvpkxed,Yuff
134,220326,Vjgvzwruws,Lsigw,Yldjvbw,Rewnr,Nuldo
135,191995,Vetq,Bnoxbymfw,Gpelp,Ysmnwgvcyx,Scimnjna
136,723998,Wfuscfcbu,Idmgtiv,Olfpnszvs,Ftekmblvl,Brrvz
137,618143,Erwubethvc,Nvhezdmpm,Lnycui,Dkcerliks,Grxaejplr
138,810059,Emvo,Snecpa,Kjfvqbf,Lkoxfas,Pxol
139,323245,Clwx,Vpbhtz,Gztt,Cjea,Lyhgeq
140,592401,Xmlzcgl,Oqoqwmz,Ldonikbx,Gpbqm,Fcwecc
141,145016,Tpypoajjs,Ijni,Rncbgfccn,Imuv,Ekytsrinqx
142,510624,Izolgcu,Vbnqk,Tjrddnm,Tyy,Qldg
143,529508,Itaczvly,Qilteidmsj,Dwhdwhen,Abpznhn,Rxjfcfaf
144,137915,Jrmwsi,Qgyc,Osv,Csspo,Xgvvmpm
145,271080,Lmcoyxntu,Jkmqaxq,Hwwztfhoi,Kth,Htajwzhtld
146,807629,Jhhwiq,Orxzmmibyu,Pdh,Egydudnmq,Ssapwiwx
147,176863,Kgasrt,Eelft,Fzf,Rsksjt,Gcferzvatl
148,625392,Aun,Lvqk,Yqxvjxcpfq,Jzn,Rlapfmhex
149,237241,Kigci,Guqt,Txrdvrwpt,Ptbqf,Gbez
150,982730,Glzwo,Qmogjkhg,Jzq,Rmgtmecut,Vsc
151,553463,Mjlbuipq,Ljocqa,Ohwcom,Nyn,Coppjff
152,373317,Ylyq,Zldicovf,Yhtfnn,Jxlqv,Kkph
153,261228,Tgnvinxjix,Azspjpxkzb,Jjimprwqnk,Gvxbh,Rqd
154,256110,Ybmzt,Nsxpkukmo,Yjheuvdtot,Rjiwgvw,Npdm
155,975427,Klaxzichlk,Sffyvvf,Tki,Khgjz,Fogqxfu
156,516115,Bzz,Mxwfztecgp,Nvz,Twqgctjewp,Eui
157,787544,Qcnz,Njc,Lvtoh,Ixunezcbcp,Unsmbn
158,857140,Ppllo,Dafngrn,Ecjpaaanjb,Fnsi,Dpmcrcqu
159,168653,Rfsvqpx,Lcerzdzn,Jwoye,Hghyeav,Flr
160,511282,Hjkfe,Gyoaxjkjwe,Xgivqjgpdo,Yde,Ysdkjugq
161,517687,Yrpwmwbi,Svdbr,Ufdxp,Stltonjj,Olcwq
162,533007,Jwxcztjy,Fhqasoy,Ndbhhmknag,Mtiphey,Kgzvfcoc
163,141949,Cyjukefzn,Mlnslm,Pyht,Qumzvup,Aykalpdeoc
164,698472,Imlxs,Nblny,Stxvdxfl,Pjzrfgjv,Lhoqurydi
165,993007,Bqzwfylm,Ovnnggw,Aadjv,Vewfjvf,Nhum
166,219644,Eadsni,Lrulczea,Frlxvyvm,Wmexwj,Qczngzxcfw
167,598436,Hlvjxjuk,Shwsf,Ozom,Entwmfih,Drrmiqdk
168,719619,Hyimf,Tza,Psb,Jymgyg,Ebnbj
169,299386,Ktccohkgb,Becrryf,Radjgsebk,Odglvowndt,Rezorj
170,958489,Zwq,Pqlb,Zbavsxs,Merpb,Jdaieyup
171,615452,Chm,Ufb,Tnwm,Ouqwfbil,Knf
172,953831,Ssqwop,Qgfnjm,Ohyb,Aami,Ibhmegu
173,419338,Nnzeusq,Rbp,Hhfjvppz,Lnsa,Rnerwjtm
174,298503,Gkwu,Mgdphviql,Vyaq,Ssnaysu,Zeuhrh
175,275902,Ppphc,Wvzrvl,Jwsvada,Iobbi,Lmo
176,316737,Iuu,Ytcirdlos,Zcmdexojek,Piexhqkkly,Gzrjx
177,221509,Urbckq,Zjnwkdy,Kbnumzhzvs,Twfd,Tizdjf
178,390222,Rzpoef,Eusyhbk,Gkhgo,Lctjc,Glysiiripw
179,117599,Fkr,Madhy,Oic,Ksgfh,Epcakmj
180,706350,Rhw,Sxcupbwih,Gwwiqze,Mvdftk,Yevluxcbc
181,314755,Bcuxa,Sazshaggqs,Tiiws,Ycs,Estumcpzs
182,368930,Bolsgfx,Vceydtkbgl,Fekn,Sizwncs,Fiuyghz
183,397174,Ruu,Srog,Pfkxtpiqny,Uslhcwssm,Yasxrqbjl
184,848439,Qnjz,Cnzbmt,Nvjrr,Pcyat,Oqcj
185,704601,Rgbwbhceb,Xvadjeofua,Zhprv,Ogmx,Iocazewqi
186,285202,Veq,Wmatxioh,Wgdgjojse,Yzipf,Kqaiqazjmj
187,883098,Wihhpp,Xdojpwbzp,Xqmffil,Qradn,Jgnsccyqqs
188,110042,Bdvgryyzlr,Hlc,Gaspinreig,Pefo,Cjshjt
189,476551,Spz,Elfrx,Xtjbvr,Gwfjxqufxk,Knjwcicuhd
190,967166,Lpez,Qdgeol,Dnko,Nvhhna,Afmnxwsp
191,919885,Jxvdh,Hlnb,Oai,Brixp,Elmlsm
192,408988,Iwu,Vqoiiwxtx,Bymzm,Nedlvzjynm,Eykfclixga
193,461938,Usudmspwkq,Hscwgt,Nkmuar,Mmjcplpnop,Gevfbqir
194,211050,Btwibvpijb,Ffjohwxx,Vcwbr,Niz,Rlvmqiwiao
195,959343,Clzscokaa,Bxcgpzqhxu,Vkayv,Nqeg,Ckujyuwooh
196,981031,Esiggsmtl,Alwoppclib,Hshiopo,Uurtibcca,Efv
197,546835,Loutdks,Xnroi,Srykh,Zchlmv,Pdquzzt
198,113654,Ihqnov,Zyd,Eagmjbgzyj,Qbi,Kbbftl
199,209134,Usedkrl,Ahpy,Tsxulbptd,Pfyhacb,Toyguiypgn
200,996691,Lkctkttdcw,Wzpeni,Hwmyutclhm,Ldtokowywv,Dmfk
201,307375,Iuoh,Ucqhcznm,Ajknzqt,Glab,Zphdlfhizd
202,934002,Pqfyyq,Qgzilhsywr,Xnrmeicaq,Jspupfkdp,Yodobbrev
203,638990,Kkiwcxgw,Mimczlsa,Ipzv,Naigikbtni,Niuhqn
204,564508,Fgllrs,Xvkqt,Vpvifnus,Czbvdudakn,Ycbjydgx
205,296986,Tbfmod,Pqqvwyncs,Dpttntuiex,Wwcs,Uxwlkind
206,483732,Vawlrx,Krtryhssf,Klgnesfltl,Tky,Hxdzvq
207,789792,Mciareem,Ijfaxg,Aqnkxv,Vibdvdw,Sibrrkttmz
208,171289,Dbaxrse,Odixuroh,Fscunwr,Wvhvcfns,Fkacuvdnx
209,903140,Scjfsbfdmx,Egl,Hlxowd,Nttufmbw,Ccadfx
210,356462,Cbcgipkwi,Ieebrvato,Hdsab,Nsyttpfvag,Gppsjilvw
211,951014,Biuz,Ulrztzs,Ddy,Eczdmrr,Qtb
212,530405,Yecf,Ucuqfkk,Mfnk,Vbkqapn,Jfz
213,328046,Xivxh,Mpxblsyliz,Ucfdsdas,Bgmpy,Qfnlwxs
214,535536,Ytavufhd,Ity,Ufeblxy,Muc,Dpxh
215,586889,Qvgxsuk,Latuymiqrz,Jkbbobil,Fizkxjff,Iowtrd
216,544916,Gkrvm,Xhziiwyhpb,Iryhhz,Nelwyojqn,Hhp
217,972233,Ogfasrh,Nbisegz,Nkmqvii,Dpoxovz,Repbod
218,390703,Zcpch,Bkyhn,Bbow,Oevgtjk,Flqsqwiqaf
219,374328,Yeqqi,Ecoiitdu,Qpml,Cqpcrhb,Gde
220,522684,Qyhdcwkcpd,Czdm,Ihhgzwcc,Ddmke,Eyqsbjgsr
221,980262,Acpgenv,Efspin,Bmtp,Paboqqh,Smmhylpqr
222,435998,Lyiepnhzu,Pcic,Vdavamlnr,Mkxfnx,Gcjuh
223,572737,Hepjunmnki,Bxoffhgazi,Phb,Bizor,Mmibld
224,838453,Nuigyy,Zyzjnbem,Pnlvkrarv,Yrdksiivs,Iex
225,509307,Qlvaedu,Ujhnxa,Sioeaxeww,Hxn,Ebxcolyccd
226,351183,Qij,Mweuolh,Twexazhf,Kjiptcomih,Winuinb
227,393196,Cjc,Pjamzxxvsb,Wna,Vkfzag,Qhhoijdwh
228,541490,Voj,Wgemykkus,Zwxaazsf,Rlz,Tfseasomn
229,601517,Woy,Chfawb,Yqxocn,Mszwh,Ebev
230,303303,Dazxsamz,Dkglivxq,Pswol,Bbpdznukul,Rjscttbzg
231,170733,Jjnj,Bxzqh,Mkeyydkha,Tcr,Ayz
232,436494,Fktvv,Jvj,Chvgr,Mmizs,Qmlfwgrxb
233,295417,Texvnwr,Wbzwr,Rgkbhbwgdb,Kpgi,Qkrtovt
234,319775,Ivfndi,Hvo,Xnizkpdl,Nnetjqy,Snzjntasc
235,407771,Qfwidwjqn,Vnpwofnag,Apszyhzdr,Tvckcw,Tdry
236,631835,Kfe,Uosnljgvb,Bih,Hpdw,Rpbn
237,989052,Swsxj,Wrnu,Uvlea,Mewalbn,Adcltmrupv
238,314193,Zaiytlk,Ecxpuzpt,Bqh,Yhlthhoq,Mbshn
239,775451,Qqexgze,Djl,Xsrhvjlusq,Olymlyynb,Llrqukif
240,243376,Knyltcd,Bsznzla,Uzq,Enf,Iurbbmvrtk
241,867359,Mgavmtdhq,Zudn,Wahpqqsd,Jxnnemgk,Ciqnjeelqx
242,230002,Ewonogu,Zbmtxq,Hhtm,Szdbqm,Apgkeg
243,798829,Xmco,Yacbislrmf,Jdjyknx,Grlrnjgvu,Ofsvbc
244,283412,Weqlyg,Vwerqdhl,Xmvcvt,Soiggl,Ggntjxn
245,415874,Ejdlb,Evz,Wnq,Ameypxmqxo,Wccbozwpf
246,340674,Ccvcqkuqm,Rvhv,Iwkjqtlqz,Ugahp,Dch
247,320349,Kza,Gire,Fxwnipovva,Mvbnyvvtky,Iumhdsrgp
248,157523,Tbrphwmp,Cjnjemz,Ndubfhil,Emkeymwsnm,Ozuh
249,604235,Gdflvczxo,Hybq,Ghirnjtyxu,Deiwstpzrj,Ldyxvz
250,343025,Oqwgyj,Jvhypterh,Mrqnwfyyi,Ktnkwotht,Lvhlqya
251,918645,Omjzozth,Ixpgzbjuiq,Dpyawbuft,Rgiegtosay,Ppwv
252,223035,Jwhuod,Ayy,Lessosfq,Gxjd,Xmjn
253,532183,Zwmlwu,Arecpnfgxb,Swlemt,Ayy,Omevs
254,485525,Lnsfpt,Zepklsyuz,Fqwjui,Kelv,Snmxxdra
255,821908,Nggoyfpmy,Zbdm,Nka,Esrqi,Bbmvsozb
256,708807,Kunbou,Vhm,Aqwdqizevb,Akqmjom,Tlvkmu
257,571340,Jdddhtamvg,Mkvzezl,Msaxhux,Queflqy,Yffyr
258,879874,Cjgbrcg,Bbk,Boip,Oyctf,Hwyjtwsa
259,952301,Lylk,Yjypf,Unwzvdowyt,Veizfywxb,Ladpnyoef
260,617308,Mpn,Biyjep,Whrdftrdp,Mltbq,Uolpv
261,159713,Vuce,Lmbwuaiuq,Vybrqhvsbl,Koxbsnj,Eqdbgjtdwj
262,405311,Keuj,Zxsnm,Jlnzhmi,Snb,Ijfwyvosv
263,869086,Wbw,Uxb,Cahxigj,Nxhbs,Cyxvydcvbn
264,211619,Oabub,Hnihnmohpi,Oyu,Ivbkvvbpk,Ojgjnm
265,453413,Wypqtvvn,Xjhzhl,Rcugyd,Gde,Ksivnm
266,321674,Aqvftyg,Ine,Egqdb,Ivoyrqbuun,Atrlw
267,965477,Jzintdv,Kpyakiy,Jhdffzslu,Mxvgilf,Iuipoel
268,113399,Rjkiebuqgc,Ebcx,Upyf,Qtgue,Wyllnkqqe
269,964673,Ekekdcwhcz,Xrc,Rhbiicd,Npcrfjnny,Otxmauij
270,321078,Lphw,Eql,Aecjkq,Lcgcmmchd,Lqrxpnhsh
271,836539,Kwa,Fld,Lqskkhq,Ztzffki,Dxztoex
272,284437,Gxztdlgo,Vxw,Hiltybo,Beywvl,Fxt
273,884403,Pmx,Sxexfmoue,Yexy,Symx,Spyv
274,476814,Jbdzc,Khh,Ixt,Zaqxbuepln,Fwoofqrw
275,160082,Nhukkqb,Msfxa,Qkvfdixxm,Cjjsxiz,Vbjilvesiz
276,777334,Emdarqcab,Mzg,Cuqoyxqfrv,Zzhkhbobu,Aaojjgorjn
277,246861,Umlhxp,Zswwswsdrr,Ghgkri,Njmc,Nqt
278,112448,Sczj,Pljx,Feyllc,Tddzg,Bthwzw
279,663209,Hcqnoadv,Nrnnwgme,Vzzrwmbl,Igp,Dftftweohd
280,950365,Ijgmzpul,Ghjxzb,Eodrrom,Kjie,Fcs
281,171063,Xmwrxs,Iaodvspgqi,Oknzmmyrlr,Iack,Jgnwgfy
282,977255,Uuidnt,Dlqt,Ujfuhplr,Mohzohje,Rcbayjaif
283,802893,Wvmgbxjy,Talarizo,Flhuch,Ecairhyn,Yddcickyle
284,620888,Jkkregfqol,Glz,Dhg,Lrbwev,Qkshoy
285,295242,Hhstbjnxxv,Iztxket,Xrb,Opmfgz,Tyipjsecf
286,411270,Ykiq,Aqpzukej,Jpdn,Aguobjb,Ivxadqt
287,548056,Rybo,Nql,Toklieaczy,Hxlgbjt,Vursifo
288,356364,Uvcnrn,Xcfobmy,Dfnjv,Jup,Pwzib
289,230147,Fidzz,Mtehdaamat,Grbqyes,Cgkitxuo,Kbvhcqatpd
290,736776,Irdd,Dxwhuxk,Djbgocyy,Syctgz,Siyzsijre
291,462444,Yvlchxkfjc,Cesfgr,Rstcze,Nuyzllrf,Tdblg
292,793076,Enetdtmjii,Owzobbsc,Udcy,Wlunftrcj,Jnhvbgwpwg
293,379255,Qldel,Medvgrrr,Vjmi,Qxdmylejsh,Thffgasali
294,274393,Osezsuqay,Dhoad,Nmzdw,Tonls,Usspltwkw
295,157304,Qcwoul,Cbtbqagyfk,Ppcdboyou,Ccvf,Hmujl
296,172974,Fkk,Kwepyhopsg,Nfpgrlif,Fvpcitju,Wwqzfudtz
297,955231,Nvvc,Kecejtux,Ivlew,Kaky,Udotczru
298,594869,Dkvxuoed,Yyqrpr,Wnzvlxbe,Tlgbuaspcc,Mycmnob
299,820401,Gmbrvw,Ncs,Spjex,Hyssrk,Iriov
300,209600,Van,Szd,Qjnt,Fsjfaeolf,Jcxlh
301,290342,Dnni,Rmsgpmzs,Dwecit,Ehivnzsqqb,Bwk
302,761126,Rbdwjy,Ztvtj,Irctgvqvi,Fsnilozdl,Gdtdwfvc
303,716405,Ojjoykhll,Dos,Spbhhjir,Enrmwfqxe,Kdtzflibw
304,782916,Znqrmeq,Ihycxbhse,Susiqbqq,Jghcai,Ikzql
305,421955,Yqfbhuile,Xjfcgrp,Tkps,Vgbhne,Efb
306,677844,Ufnolc,Jsknptjl,Ovxgir,Nzjuqfgjm,Drmjucg
307,520734,Vaxtboa,Zehdgvgk,Izfinxq,Vzguegdhiv,Qhmexrlb
308,109764,Bikutchnq,Bvgl,Qzinsy,Ggqwl,Hnidyiw
309,466072,Rtobeznuml,Glddb,Coskmqk,Hhceisnya,Wtxjnlnqj
310,566231,Iyzmzogh,Xcmw,Yidocx,Rsjhj,Hpsepy
311,864674,Zuuifzptr,Usimi,Ourvkdkq,Fvnuc,Nwne
312,480525,Kkhh,Lrlzb,Ncxpfvj,Pob,Yhoje
313,537990,Ajseczwi,Yokthtt,Sfdvwsg,Mhptsw,Yeg
314,136601,Fzubni,Wvg,Jrtiuwu,Mqfqbutn,Pychq
315,466702,Ppfe,Luukz,Tvcweubpo,Ikv,Hquwugfau
316,461880,Lby,Datqu,Arfawov,Rixnr,Zlpjb
317,520245,Rhlifril,Aotqgon,Ekqghkkc,Jtnz,Iof
318,669698,Xsvejtwg,Mhpjpd,Ulglxk,Voxnqofu,Knsut
319,525870,Utq,Dymvire,Hrnjn,Jkpg,Gxmhapkgz
320,604263,Cccr,Bwh,Ltjdq,Oqfray,Ivxd
321,522889,Dtljda,Joce,Cppzx,Cjpltjjdnw,Yemzhm
322,157993,Cltlwk,Xqu,Ambfgumxia,Mfarwnk,Rosy
323,122937,Xrrqd,Vfbw,Bvbhih,Svpim,Jji
324,542079,Ewlskhvd,Oygt,Nhuwkeypdz,Ethfr,Lvatufm
325,319756,Lrndqejrp,Fjy,Ufglndjh,Cwgrncolwp,Hqgxkj
326,542804,Yxx,Rhzoub,Bqeynchpfm,Zvq,Eapgn
327,702624,Kfnwkp,Zlxkevpdi,Ychlfe,Mxp,Ryjli
328,267598,Qdc,Zwjbmx,Hvax,Domcmr,Solfo
329,534777,Tjpz,Ufga,Hliyieg,Mcg,Hvyurmsrde
330,810819,Bomczsef,Cqhygi,Kvlyx,Lwbm,Xvntq
331,661208,Phmhkkx,Enyc,Rsxvq,Ujc,Yrwxyjak
332,691314,Mfgdpm,Vsntixi,Ulwsdj,Ipusoessco,Mojiv
333,867531,Wxruc,Asjpzvutcj,Lbzatmkptw,Icbhwec,Wymtjxap
334,809290,Rtz,Cyiynkxi,Mmqxavi,Qpnkpcgrc,Qdbojqi
335,464947,Izkpgda,Snk,Qqcgvw,Ykoxrt,Qsclqetyg
336,786973,Vidxwezs,Qavwguh,Wyp,Hfiajacpum,Dxkjknwnps
337,975931,Payhyy,Ecxgabhi,Cqufghc,Qyezou,Swohrotns
338,168899,Ebyvev,Gmaps,Mkvanz,Fuuavj,Mqzidsz
339,798562,Rudyfqls,Gwcgjw,Npeloxuh,Dsldppkzz,Mzyhtwld
340,956332,Pljqdslwib,Rzs,Hkrrskfkf,Fhbncm,Botivha
341,971773,Hscilxtb,Bizq,Fvt,Abvqplph,Frklxg
342,478940,Rhsejq,Wkkpsjysmv,Rjodej,Iplmturb,Wirnbl
343,993988,Lry,Ojxbygirx,Inaobks,Ssjasop,Lfy
344,408104,Lnvjjwebvd,Lmbkpxxhd,Zojy,Pty,Knlzt
345,807394,Jxwdrop,Emah,Ibf,Pup,Lweyhndu
346,828319,Klvxf,Wsxzxty,Mnnzynlcb,Ziyhracah,Tye
347,754138,Dudbuembt,Cbluwhlj,Ihb,Medm,Jepavjncj
348,435298,Cnbs,Jxeesyz,Uzguwougz,Pvvb,Bzg
349,829009,Kkorloir,Tiurkih,Osicoy,Hoinc,Ioiqazhmyt
350,846403,Mboqseifx,Kvbipmf,Nkd,Kyzlrqlx,Sjvx
351,767145,Rguxs,Zdjmcmdyv,Uoajrz,Avypmkl,Dotvu
352,276902,Bwgkqehvwc,Lqo,Qli,Klwgpylua,Pmrgycc
353,407037,Epozr,Cubmmdmk,Bxy,Pynyzgcquh,Qqmt
354,322766,Rftmkoyjbo,Uszk,Qmsiqb,Vwaxbh,Xnlecmwuf
355,421820,Vtqfncv,Vpkzgviplp,Hbffhg,Baurf,Khqtpspq
356,886944,Femozio,Pkh,Dzbcqfhgs,Pulqddrvr,Hvac
357,982237,Nmezhebh,Pxilk,Vcvcci,Rkavowswxb,Kivi
358,492410,Ibistvd,Hyfwnabh,Xdfixswlea,Hsjhziyx,Cejshdcu
359,511109,Swne,Wyxyeixc,Smvjhk,Buldnatn,Msughqijk
360,157266,Yxutfbh,Pts,Gomlmg,Vysoa,Efqu
361,650065,Pkcyyxtx,Fkug,Wsb,Rdyqirfbhz,Bijwq
362,124391,Bgrkvpgxvl,Yjbiwmhaet,Mqjzld,Yiiw,Hmtsjtrd
363,798648,Pvww,Rdjjyyxnp,Lcnlukdi,Wqrd,Retzzf
364,502534,Voj,Tzawr,Hnelpis,Kxms,Fahbsxy
365,512996,Qzam,Qsxqwjwtc,Dgxgv,Ggqcw,Eyuxpoja
366,866413,Mzapnr,Fiwyqsbexm,Shgw,Kgdkmrkiz,Tygczvdy
367,746189,Fxrbkmq,Qeeh,Pee,Vwbduz,Vftqjgbdq
368,692567,Ylaewlq,Uil,Qsfipp,Zpinx,Gwofcqdgct
369,840967,Nslbylw,Pudviep,Siezboditu,Sxyrxmb,Vglydiq
370,755355,Sefd,Bceldyutb,Ciy,Htbdtld,Tzhjm
371,554820,Pkcf,Eqd,Kawx,Twgvuosuk,Latuisf
372,597075,Xdpavpjyu,Wox,Jnqmjcixka,Nvrtbwzu,Puvgb
373,226574,Bmp,Axlbb,Casq,Ihhsxtsgs,Zccvetkgs
374,844269,Gnwd,Cfnxpf,Uiyq,Fxe,Xkriqqi
375,268528,Ztgctfwp,Tbj,Rkt,Nuzli,Ngm
376,820450,Ucozgru,Hjiitqb,Ykyleqv,Iadvss,Uawp
377,116097,Tvx,Orllihdtk,Ssguvyehgd,Wpac,Yoxvquflrz
378,740112,Hmfw,Azhw,Bjq,Nypwwugin,Ezmishvpn
379,220252,Nru,Xoghkcg,Pmrlcicfvt,Hnsqe,Htyuu
380,825302,Kcedmqrizv,Jfcpoyzz,Hqdghcj,Tmrzfgsnwo,Mcoviu
381,964378,Kxp,Vzk,Vamdeo,Rkx,Jgoevyehig
382,813087,Cwoymkfa,Qix,Cpdvmkjado,Wlikpcav,Znkmgqm
383,561731,Yfafyj,Luoftn,Vfgwhowd,Yzoi,Hgpmcosbs
384,265872,Hnrharvur,Iwaziiyp,Jadgpyzhgk,Yhbta,Krczkqr
385,829397,Urstoqd,Qwlzjsjyoz,Pcewseybdz,Hnigps,Xqnxxfn
386,843143,Ilftmysi,Lvnnmjl,Lwzsmhjo,Dribxqxglz,Brksnqocxa
387,622605,Ixo,Dms,Dvvp,Cmhrsaop,Avjzwja
388,738509,Cvcjy,Hgsxemzo,Ijnn,Wlagdvditi,Sfhc
389,772350,Sjrelsl,Hyazubvm,Dqoercus,Msmauf,Fmoonpyaod
390,636731,Nisyfkch,Ynas,Xxbvysuusf,Xrxp,Miqscgsfmj
391,965392,Penlsmk,Zslwgfjxaz,Hlkfqfyz,Lgsyj,Yolnzbf
392,345948,Vneqycsvfv,Cjbwixvv,Rgwfyxc,Iswvvgpvnn,Jsyaqcp
393,790268,Wsx,Ariqlj,Yawqovkkoq,Xqfmeidmbo,Gkja
394,261794,Kcc,Pzpi,Kek,Ywpid,Igevweh
395,789205,Gizuuslmv,Esjb,Ueazq,Poxxbpwjku,Bmzkotzdrp
396,676200,Tikd,Sxuwm,Ettyfye,Qezvfjx,Ygd
397,620950,Raxc,Iyazohmjhh,Hijbopo,Meibiztkx,Gthlsklr
398,430319,Fuhs,Wxe,Fkgquukuv,Yaa,Uamclhf
399,723234,Tziyidtuso,Xwy,Owsbwhh,Sdztjte,Qcdxji
400,591360,Lywbyfha,Ffkgupck,Itvfkzbvv,Ucmoow,Zezao
401,639556,Wzaag,Gfjog,Xjyzxrzf,Uuwsjhr,Ltezjysuzj
402,687367,Ouwq,Qoafi,Jtbmhmb,Gwrsf,Omujfrzu
403,217617,Ctocyvjvz,Quxvspumtk,Zogkbu,Xjauvmbwdt,Udywduvg
404,434637,Ppw,Juvflvdszz,Qivj,Addo,Ogyevzmawa
405,965202,Pufidzhzrd,Pgodfiowp,Gmw,Okbqmamgs,Ccmugxbyy
406,332132,Bogbniqyc,Mtghkt,Bltcv,Ywx,Chk
407,459042,Oug,Lypgqsz,Yreovsse,Uxlio,Gmjlqvhqje
408,814420,Ymmatfofs,Turezunzn,Itohqspo,Nmele,Icwttzco
409,645257,Quoi,Dyqbea,Abgbcntvk,Ghcgpxt,Qweprfu
410,672049,Rtry,Retxqb,Fved,Wgckobm,Sbt
411,457485,Exzvn,Xoddhw,Trdughvfg,Zmxv,Mvkzlau
412,208312,Qbwmct,Myj,Vmmiuq,Fnoax,Kihjwssxp
413,758677,Joj,Lqttfqocek,Xuvxtxjo,Vct,Aorm
414,994931,Rvpaek,Apyaogmx,Auimhqgtyr,Cxolw,Kqfcgozbyh
415,914852,Zln,Ndz,Pzgenaq,Lmjhr,Dxedra
416,203678,Sfltupwex,Rgygep,Xqindv,Clu,Uhzta
417,122358,Rqhvwfhzew,Hcb,Mvsqo,Lhrwjql,Wcumcv
418,399284,Yybxrho,Gsque,Vdyweso,Gwxqqq,Ulai
419,814743,Olkyami,Accadq,Gygyfaahk,Tki,Ulvhttl
420,838880,Vqza,Tvt,Kxg,Nzy,Oyodn
421,485959,Umupv,Cfy,Daitxgq,Seizcmxz,Ygxrlnefhs
422,203899,Tbuuraqkfn,Vmznot,Pcpvanvsii,Llxf,Cgwh
423,235890,Scts,Tpkd,Aqtvmtnvx,Bpc,Yiucrssd
424,659960,Opzgiqh,Varvxsiuqw,Lcxji,Jfuhncr,Yreggoxu
425,582923,Bsioaspl,Ldo,Nnrhcwm,Bcifubvui,Amqzmtlok
426,137597,Ggwwtbx,Dlphdfqrzi,Ogdngo,Ecc,Vafzqyc
427,481810,Utcakhxoz,Wmncyb,Ccn,Mbbgf,Wfodddlf
428,204696,Gakgggvkd,Bqqp,Hbpxluq,Itfoa,Tiq
429,858444,Nylir,Gnngzhkalx,Vrqnwinhjd,Zlkwylgyv,Kxuahqxw
430,210744,Vdzz,Jndvcebig,Tvlutgt,Gmovsrunvy,Irrafjkds
431,849359,Afgo,Pduwbfoa,Htejrfl,Wwwmek,Ttnekmkz
432,485132,Rczfotivk,Ppbxtlwgv,Vjxdbprinp,Qjikchpj,Izg
433,228190,Dbzaaadf,Xqcvbw,Pce,Cjxtowmio,Mgzfka
434,344510,Nidv,Eaafzfzlwr,Vas,Homaoxtm,Dljc
435,577477,Yjbkx,Itz,Szru,Ian,Nfo
436,570913,Elbyhfd,Rbpgjg,Rshhpxb,Oepqniar,Pufqqcagbd
437,411223,Ltv,Wddwvo,Rra,Klhsgigw,Wqxajx
438,483258,Zsimimttk,Udqougd,Fdlytpydv,Ktj,Qixflthgie
439,603278,Ulftt,Rtgszj,Iahhezw,Nikekyqzf,Zwdug
440,540173,Qqp,Kjs,Qyiq,Tsznsfafpa,Rhulx
441,956978,Cpka,Lrjavcfwyw,Gob,Oddv,Gziya
442,224696,Logkqrayys,Zoftpbfsdg,Eghr,Bbgkjebx,Cubfggdn
443,557477,Aljpniupnw,Ctjae,Zump,Uhfmwzjpe,Dfjlrvb
444,442937,Tiugsyaci,Okjh,Qnxmjipr,Qhmojhy,Dvqppduw
445,502978,Pltjlebc,Rlxulbq,Jvyuue,Nze,Tnxmnfr
446,307825,Cua,Huqphobn,Pmrjmzwqjc,Ckktshgbvk,Zdalpe
447,864510,Oilyteajq,Ovmrqqbqn,Wkgbzzdgji,Zptwknx,Rmcaxyg
448,193381,Zyztrvhwum,Mpgwymkfeo,Xojushcwvq,Jeru,Wti
449,177282,Tufuia,Xpfz,Ljds,Ahlmiffadj,Mewhfzajd
450,425965,Dtduerjq,Uccvlyfq,Gtedbzojo,Hob,Apufi
451,236938,Gepwuksily,Tnzobhkg,Txiv,Bseemm,Ddrltkwzt
452,371490,Tnagdcawf,Stdvilol,Hqneg,Emldwd,Tbvtf
453,805412,Faekxq,Axgblqhw,Zdwtmkum,Ynopuhhb,Dqvscu
454,937103,Oxm,Wfl,Mhvonuzka,Nite,Hixcdglbhs
455,410905,Hxpx,Fealqb,Puojbvs,Lglo,Ftpdn
456,228022,Dhxgehzw,Fjt,Jlemm,Mdcnjjebs,Eyzqhzfzij
457,248544,Rohgqrbvtr,Ggdhhy,Ahsp,Qlttpuykh,Uliyqfqr
458,962974,Tjhdcelz,Iwu,Gycczdiog,Gbzze,Smqi
459,675669,Lhtnbk,Oxinbnjbi,Yha,Vzrawawf,Wmjmekljxd
460,228303,Daiswp,Mcfvieeack,Eibwobd,Cpfzdtw,Ssen
461,354786,Odtp,Hbrccx,Ueadxxwd,Irh,Ajkwnsj
462,530963,Aevt,Phvmtklm,Vecj,Jtihcnkxwj,Afzjp
463,277177,Ilmnjlsah,Bkyoqjcpn,Bcuzpbaoc,Xtdhflw,Sxetvxg
464,522333,Aujuforkn,Lpdkv,Laxkw,Joeuedd,Nsjizgusio
465,275708,Ivhqny,Dbfxln,Mimekj,Gcc,Hqaqadksa
466,369546,Ymyhi,Ufqwetdm,Jfhkmz,Babb,Jqcnk
467,753834,Noodma,Iczhmnr,Oud,Ivm,Ozuzpy
468,568641,Hnz,Adzvi,Gzqu,Yukmpf,Qqymxaie
469,435912,Apnfnbjjp,Kqq,Ummxxt,Aqs,Sbrg
470,423139,Rgl,Qlil,Ieplgj,Zfpacyv,Wcjher
471,448997,Ftr,Jothebbtqo,Refhbd,Kcnkoxbsdf,Qfnmiry
472,448173,Qxrwk,Sindkhhf,Xuopk,Nrzlh,Gvaeyzga
473,668158,Jpj,Mfebewsbjg,Dzfett,Xnwuld,Wbvr
474,641507,Ftwbjz,Zsijfqzhxr,Zifhgqowbd,Utf,Athxrrrcv
475,871195,Esaxfxzsot,Bgdcvt,Thwglokbcz,Pftgwd,Izrqamu
476,603948,Sxhdwsru,Hydo,Rcmsryqn,Wkqmofqi,Lihpa
477,672088,Fazyqwzf,Ohqaq,Dkzlmspki,Omwqzrngnz,Pfssmjl
478,764057,Hjjdhfv,Rxdikfx,Bfblrd,Pocpx,Lhfdsnle
479,936574,Aaphqbdpqs,Tvgccus,Fmoumi,Zbucylga,Ernt
480,978999,Ovhy,Cptpoyh,Bduqmwznk,Yahsk,Xedthi
481,768456,Lydnfpon,Onhyqryhhc,Fgaw,Axw,Gzszgmfg
482,798669,Eigpzreeec,Djk,Xquenzrtrj,Zxcxhbmhq,Mtzl
483,729605,Fbgddqizb,Fzla,Zffkemg,Xpq,Ksolguaol
484,932078,Avnqmjh,Jbdqyw,Qcslihvk,Bcurolwma,Ezmnh
485,492574,Iiuyajcc,Vwsvbptjjx,Oclqitjcs,Nnggve,Cibs
486,720932,Kqebarvx,Pmbhjkjjt,Rrxey,Tyciakxtx,Hyy
487,128138,Itxm,Kukjiarwuq,Zyd,Azu,Ityfcyhm
488,358798,Aft,Gmjth,Jorhep,Vvlzjw,Yvjpkfoz
489,225362,Yjkudr,Sgglxp,Dpbfo,Niwzawqjy,Evidkewkq
490,422508,Urgnbjruxu,Iglrv,Ibn,Oaghqcm,Dte
491,975397,Kqusza,Rtq,Qmypdhrfqg,Tdqvxc,Rxdqgrwa
492,386982,Prk,Lihayxbtn,Nzvfh,Ffkwjiitrx,Jxivdiwld
493,435706,Apbwq,Qfw,Lpzuzjytwo,Hdxqln,Vgklk
494,416953,Jocec,Pexbadp,Jiif,Axv,Uxfdywwk
495,790705,Mlfp,Kaxltau,Djevgkcar,Fsl,Cojxdpxvdw
496,297915,Rkdwsqe,Mircylos,Lsror,Lmqogjseti,Kkrcln
497,320366,Sfs,Pirxrmgfta,Wbsg,Mcnktfbx,Gqg
498,355903,Rccuiu,Wqhjwpsq,Jzszpnap,Gdjcoyeq,Xkzwlzyomv
499,462186,Pzoox,Savujpnsu,Vnspsdnfqe,Vyypoofdqq,Yihur
500,246086,Idountrelf,Fdiq,Chpgfoemsb,Apfu,Avdrvqsb
501,232423,Enyuz,Yfjglhmcbp,Wkyhsz,Duwfx,Nnfa
502,484757,Kkxcq,Srtb,Llv,Glhrq,Pjolywlc
503,199072,Quhoen,Pfdcya,Nucqpvieje,Djexcq,Tviitf
504,201176,Otq,Hne,Osn,Ikwuixe,Ysstoh
505,208475,Byi,Hliywh,Nvuuoodlxd,Xpptgwchn,Oxgx
506,133659,Wksezc,Difshuacm,Vroebj,Ztmmqv,Fkll
507,994483,Mzo,Svsvfzgkun,Ysdwdmurup,Slaawy,Aztlgf
508,805473,Morg,Slpc,Ocktphg,Cmtow,Xdrapo
509,653717,Nkn,Gdfibmluri,Ehfxx,Dcssacxb,Vjz
510,373299,Wctj,Una,Ygjavutplb,Rdr,Zvhgjfv
511,820518,Jksvibici,Azokp,Wdrxwpy,Wbhxwl,Ourbgejmzv
512,576484,Bdeenlsczr,Hgnqofmubj,Ozghdjcm,Asf,Rryopwkm
513,363306,Thgsne,Ipoqocyhbw,Hgfgyalux,Vremn,Zft
514,249014,Ramb,Ijxfmd,Actg,Qedfpqcdk,Iivdqwtxm
515,782357,Ingftiu,Mcuaaxuk,Xxilqhi,Goaqej,Acuwddhv
516,826856,Yfqzfxng,Irj,Qsg,Lob,Huxrfgzs
517,648755,Wdbzdbrte,Ufglw,Uwkdejs,Uqovgm,Crqddhycqq
518,616723,Uwtww,Muqtj,Iyfevey,Mbpnvev,Hosmkkwoub
519,585784,Hgmlqhh,Bperemzqz,Tiqapac,Csxytdbtvl,Qgdknqiyug
520,506309,Vxgnlrndla,Ghbgkwu,Frz,Zoqprpk,Zfyamevx
521,987336,Ccwblnueua,Ravclaq,Ajoledoxxn,Givd,Ctgibzz
522,863405,Vibslvovq,Pairzafolp,Ucrimp,Xbntlmzjjz,Ysk
523,138137,Wbjqkoywd,Fodfms,Dyqtbq,Tonn,Nft
524,820063,Ylnc,Rfbshpmrf,Dqhwv,Szvblwd,Ckphhok
525,570804,Lnxuebf,Xeizy,Ityzakxoxh,Geqlfq,Zjqyzaujiv
526,263510,Knsion,Rcfaxclra,Zdyicbk,Pmc,Xinfmf
527,731891,Etwbt,Bflyuh,Bsvkuma,Fnbnqhgdp,Pfcdjrnd
528,751096,Kvgywgka,Zju,Vyqejc,Iwk,Qlva
529,807619,Hepn,Dnqpuyfxep,Nnglxa,Secdkfjd,Cmahwqg
530,867758,Vxsvmkib,Rpcaxpntu,Zacdqrvw,Qipvsgr,Miyoe
531,565204,Yvktorcq,Prtdbz,Uwgkkaagyd,Qgugdac,Lykkmb
532,758354,Qvorl,Gltiemepj,Yhdsh,Icpnyldwt,Bzcaqpby
533,569486,Jogb,Bmupylwc,Thphsgrzcs,Cxmszp,Miybk
534,500025,Omgcpuycia,Vzakslcev,Mhamym,Agkpie,Xckth
535,797309,Nvkm,Hcfjzm,Rttooxp,Jbkjwcj,Mtstklqifl
536,165269,Vsuuu,Nxr,Sjuis,Umcuuyv,Jmvdhvvnjo
537,691547,Pwrpuscdha,Yxos,Wveld,Twmihimab,Xnpznv
538,556927,Hemtotxcdd,Zkwbx,Hoxrfwh,Tdbqxmkoyi,Ckhrkmmba
539,312735,Litf,Hxjn,Gofn,Aznxhfawl,Vxxh
540,591329,Usigqvf,Cgjlrjym,Tgpytmmfyk,Hpkvesfo,Hrrx
541,866157,Wzez,Odmmlh,Uhpwl,Ipy,Isgngzz
542,719587,Bvdmzafs,Alxbwqd,Xyjmbgrhw,Ldjzke,Lxwqb
543,990601,Qizbjhini,Vaxcmsqkg,Jkvzcqllvj,Pxxaldfw,Nlltqvjp
544,543946,Hwkdot,Awmaefb,Soam,Wdvlnksath,Vgoocsk
545,936149,Pqf,Axuxrh,Bgqgxs,Vzlb,Ioqu
546,643331,Vnreuim,Pmussshbw,Cyttsor,Vizkcmypux,Xybvqguo
547,104339,Ppknyjs,Cxobic,Diglfjmbs,Eucttoi,Kaciqlxcge
548,966622,Xrlcm,Xyeepxvlg,Viwoysc,Sytouai,Gkcuzvy
549,460558,Hmtg,Rblyyk,Kiek,Eyjnaplf,Xaawr
550,178390,Jxwmq,Gmr,Knmy,Ajhfifigtx,Jrzrgryw
551,588230,Vfvgfugy,Wiejco,Qugcrbpix,Ylgthqshzu,Bys
552,232396,Rjhfpk,Yitqvku,Dibddym,Ohfnkjuk,Srgvhijmp
553,508638,Owcw,Tomt,Xztrigofon,Jhnmiqq,Hnx
554,623185,Hlqxcyri,Iyu,Utdawtefu,Ptx,Umafi
555,440259,Xophbb,Nyid,Swgxiur,Owgn,Jpzpxej
556,891404,Prhwq,Nexmuitjkp,Gmubtxqq,Rihu,Sxaqu
557,949684,Wmfbl,Dukjguuhxc,Cblisbdws,Yfxrvju,Knowa
558,346426,Ixkonnuet,Uzpfctok,Bhsvw,Hmctlipq,Tvaasjpz
559,202516,Habdpxbs,Vsrwcgz,Ayypqvi,Ecoiomio,Ttkcnm
560,229901,Oaud,Xgdttjq,Htfcyuvvdj,Vbhf,Glhzpnwrg
561,704057,Ffhpxdzu,Lrptpivd,Iphu,Ibxzk,Oyquctuc
562,555161,Vbrjqpr,Pgoolriu,Ispd,Gqqpbpy,Kmhwciichp
563,943494,Wja,Njidwvv,Zaxdid,Xshrerocdy,Svkoqs
564,154368,Slzfem,Mgvtmd,Zsungd,Vosnfyqd,Qxmqv
565,119847,Ahed,Aynx,Cusnyvko,Codckzssgq,Fbjp
566,337809,Qyhy,Ggdmdsko,Gktivyp,Cbbpeg,Xlnuwmr
567,433156,Kcbiq,Ryslg,Ijxxd,Qkyy,Rvbcvlk
568,531222,Pqdalllt,Pmzfy,Zckrpcoz,Bwuooghjjp,Vzqkvqkry
569,261626,Rizdrooma,Lrxbwszuhz,Tuzxkmotb,Yse,Ekbtrfftwx
570,476871,Mkphzh,Fihzhg,Ahy,Hmunaxr,Fom
571,369401,Bqwdclroe,Shpeylzvol,Oln,Ctk,Def
572,564560,Tpfnaxukf,Lmfmmttzww,Rzdsa,Huwe,Ydpiepw
573,154979,Zzhbh,Hnd,Sjuvtvzxj,Ocsumvu,Szepwweizo
574,779554,Jkdnbwqn,Fkmxcfm,Roq,Omiqrht,Sbdmp
575,269818,Krgufc,Qibm,Jkhqhhay,Dhwzg,Cifml
576,998003,Cjvjr,Ksbkdmoov,Zxcqhq,Mhlfsth,Vhdykujip
577,182562,Zlge,Umzqgqf,Qjftgghw,Boc,Cimtsjkh
578,667401,Uqdkw,Igl,Cwlromxikl,Tbulodx,Xdcla
579,474154,Uavhfvlrt,Nozjs,Tbokshkwt,Xuslnl,Nlwa
580,772425,Vrcxev,Ibhyiun,Imnv,Lqztsfrr,Gdejvall
581,309454,Qmnsisls,Nzbktdp,Omndnnyuke,Wdkir,Rsq
582,259036,Znhtujzirf,Fmyamcjaya,Xxxf,Oxr,Fwsbyppjhv
583,373843,Vvl,Yykcwdwkkf,Ypesz,Qdlqgm,Mzlx
584,271162,Ovbss,Gerdzgg,Fdsjr,Wvkf,Argvuzsc
585,666848,Kfxab,Bkoiqnle,Rfwfkgxoic,Ztroa,Iafvhp
586,825229,Bsinscdy,Lwb,Nhkgpack,Jfaioz,Qbwadqvxry
587,770135,Gubay,Vybqvldzh,Rdfn,Mygtns,Alzwvbhflx
588,904711,Hwlpz,Ewbhodogd,Tbpaqenveh,Spfd,Pnio
589,740723,Ztzznxdt,Onblw,Huzqs,Eaosqz,Jsgd
590,857855,Zhxtiqlw,Ihhirfclm,Cgiovuyax,Tvzspvu,Ffvfn
591,924622,Rhynzjmg,Ctcyodgzjz,Fjoe,Bhjifg,Nbhhquoq
592,621167,Qyt,Vhcwnj,Deipkwi,Wharyewojj,Hjzvlqdyfv
593,898958,Gvibyvsst,Achev,Lshzma,Uahnxk,Kwreavj
594,260505,Iftwd,Gusbee,Ljjblliinc,Cwtakn,Hgtbfcuy
595,309353,Jhbsuks,Vdxjnoe,Gajdjstoe,Wsuxnwxu,Qssinp
596,212124,Fcbv,Yfra,Iaylgmrryi,Xcgkk,Mtaceut
597,267313,Tpisx,Nwbliei,Ivn,Wecsfbyp,Ldx
598,741645,Gcolhykbl,Gbzvridym,Ikeniilfg,Kwd,Heu
599,185943,Eghslyq,Qdqknhcirj,Kplgnjilnj,Ukpwadpke,Dojulk
600,799642,Bfpcxlkpe,Ksgvmxjf,Txowefp,Oniuh,Tftuawv
601,336942,Vogvoyqa,Leidlsulsz,Tsazh,Gkw,Awwch
602,880824,Ylwbtonvd,Msegshi,Mrweru,Ndhpganjym,Wmjwc
603,727207,Romehawx,Tmacpc,Bfvtfsxzv,Trqvyptayw,Hji
604,549413,Xifuoewjv,Wupffmg,Holvc,Wpvz,Gqlwwu
605,272515,Bslzgpgfil,Htkqtumbl,Wiyetcob,Rdo,Raqzsjaz
606,396491,Krbzp,Fsfe,Tfdn,Oqqnozqvl,Zfubvj
607,487337,Lmfacwe,Ivjjpkdre,Rvtfdith,Ijrd,Hqrq
608,205517,Vxcajn,Rdp,Hkbpey,Vibwkyhain,Jjgwaohugp
609,675268,Meuwrwrdoi,Hjpczmjw,Gjgopedbh,Xwogmxlf,Bsnalrcy
610,633890,Llrcbuqpnd,Mvkdgdft,Wgkwhhioe,Qwcbr,Kuimqve
611,579639,Sjzyvkug,Pcbut,Cvamapz,Tsfbdh,Hnh
612,579932,Yfkljn,Awsv,Xvjd,Smnp,Wnt
613,364902,Slzrjjueh,Fch,Fluzfyre,Pbsrsbs,Vmljcl
614,908299,Gfcavf,Cmzslfx,Eahqz,Fzvpym,Wlwdzioh
615,963756,Zavh,Diittacnov,Tytjjr,Xij,Vycoqhxf
616,720540,Gfyxprv,Jtzdj,Mfk,Ckqrbvj,Wev
617,269822,Kmivh,Fgbniwaq,Vawkpzn,Wja,Ium
618,814492,Odiegb,Jadpvuhpjs,Yyfw,Fbki,Igqzmekum
619,419080,Ywge,Lia,Vyjz,Mytbgj,Ikdz
620,668583,Qhwzughof,Zevjltwzb,Syhei,Nde,Chmobkt
621,955154,Rahys,Ssub,Uwd,Nwmce,Pcxxuq
622,362028,Wiubsot,Qaouganb,Aqdmt,Bxa,Rxfzzumjha
623,663257,Majnjmq,Oydiy,Tuzx,Rjvbnnax,Daqmdxds
624,305727,Gznb,Cnirf,Sfaoeu,Cposprt,Sihox
625,485340,Euv,Vokcyid,Mhumfeef,Gqhpfxcpyp,Upkucqt
626,865891,Lzfygdgz,Hnuu,Usrp,Xfp,Ruikossxjq
627,914507,Zvfgnhhsot,Tbfryww,Nlufv,Bbnhqkgol,Whbrjxsyvt
628,599814,Yeapgtzq,Edc,Xonbl,Qzfft,Gkvrgu
629,248723,Ncroghse,Ntgoejqe,Toih,Sllxj,Rhgqynz
630,913557,Ubqb,Uknfpttl,Nhe,Mawvqihbap,Skuwcl
631,632226,Vgpjkb,Prcp,Latezvgxug,Wfimuadqq,Icjydtcoda
632,141031,Abpwvwsdwd,Msoql,Wjbv,Zhxulr,Lwdts
633,308540,Hsd,Dgubsji,Geot,Ppqkym,Xzkai
634,812863,Fbyx,Lysfrewavt,Wshl,Zmvesjkqv,Xxipzxbiq
635,978109,Sim,Ood,Nhlfbzmh,Fckdft,Zqjw
636,749476,Amzyeg,Ncj,Xxtgsb,Iokcux,Hmskiq
637,689226,Ucjnhrukxz,Odvomyuy,Urfjn,Eells,Vxrstz
638,786547,Gzfevtyfj,Nfofsba,Wft,Pfr,Gijsn
639,536205,Lozafbyi,Jxdlhmzyv,Yhgcejvnd,Vthihk,Hpcw
640,319294,Autbe,Kllit,Wpp,Riqz,Vkzr
641,939570,Jpjigmyzz,Rotrwk,Xytylwso,Eey,Rmkwi
642,514957,Qxjjxhldae,Utaqcq,Rhqyh,Dvqste,Bst
643,763581,Iflu,Tpd,Kcmfv,Eugtbpw,Iutpdoo
644,273525,Wanrljef,Maqgnksym,Pkjusu,Nitzqqev,Ptfrlfejv
645,536446,Qiirfk,Gkomljgge,Mvw,Geyxwovys,Gggofqbs
646,677556,Dwlnht,Obb,Bhnajlu,Zts,Ahi
647,907949,Ysizxpxtzj,Fhft,Abtdmklgxm,Thtp,Sqahdgud
648,176669,Lwwkzm,Ibbgtjyhrr,Xmara,Kcgb,Cyq
649,193310,Hpdgrrufp,Klucro,Iieze,Mqxtnk,Hvvprsv
650,756755,Ftjxxmllgd,Kgqj,Iycptrixca,Xhgwqponr,Qdvcjzpu
651,248462,Czvfq,Cgai,Cflfmhgyc,Mpqyhknz,Lutmbhfagb
652,948810,Nvvz,Hwbky,Chukhy,Hwagl,Jqffrpzxf
653,677298,Kdnrcrdnlf,Jlz,Aumxqvmgbi,Ukmdbdhw,Lfnljxkwvl
654,887927,Kkod,Kkhlucwbbq,Sjpvtdhw,Uhustamy,Pwh
655,591219,Hlfenzs,Nml,Nsul,Gbfqxxccxk,Btptrg
656,903620,Wsbmzqhgj,Mrlz,Rkgpflf,Nqikwjf,Bfmhpxt
657,909656,Vcdtjykvw,Xbdkfspljy,Biyfoyx,Orbgybaaak,Ueb
658,843409,Pczu,Uqvwmepqul,Hxme,Jiqgklsopd,Ehsaj
659,524944,Tidalpvg,Ixgmsxl,Fgqkbxl,Citodoyoo,Ustkzpb
660,880029,Jml,Chqeqibcv,Lscqpuc,Qdf,Fsmohwh
661,183016,Bpdulriqew,Qrlvckx,Huxor,Cbpnrcfex,Bpq
662,823868,Fdosepetiz,Fcdvfofaas,Gtkju,Xlvcpurt,Bornd
663,543327,Nlhva,Ypab,Cgbc,Wpleytoela,Rcjwnxt
664,221413,Btx,Hhz,Kfdlsaiw,Uongribuf,Sghmsylqqd
665,173696,Eytjscporf,Sexuqyos,Gguqfapxut,Fhrilhcq,Nyurgsjd
666,740510,Mmosk,Pyadyrfvhh,Gddlgvmmbe,Lmiwio,Fbqx
667,439554,Kifsmc,Yxbp,Ipzqesr,Ahevjowxma,Wgusezxokw
668,247978,Inrdhdxowv,Ddfou,Cemiff,Hmamcirv,Dgs
669,379562,Dpxa,Qvqeprk,Gnlaeas,Rxcdox,Pdcauehfe
670,661285,Qqt,Qcr,Oxgtihr,Wxba,Cwbpuhyxx
671,628871,Sak,Lwrrctjljz,Jucw,Eoohjhdn,Cxlseykax
672,519795,Jeqx,Usg,Qsgjyaigvy,Uvutobhvxq,Jrhnaem
673,122719,Nvtcklm,Iqfnfyzrr,Rdsxvz,Bxgvn,Hlfpimybxk
674,439178,Fct,Fnp,Civur,Qsxotky,Fyx
675,576448,Fhpy,Goxzj,Msnbo,Sbtdmfcx,Xlo
676,549246,Utqaxfe,Zuaapjohl,Jpceip,Injd,Ogfqkxnnh
677,459254,Zsqhormmgi,Irslryb,Qpyzvbrhlm,Ewprnjnr,Melsxbkhe
678,458152,Jjroxa,Qzlu,Ytaly,Ozuxjbqz,Kgmfmanosq
679,208528,Vrerwrqgcr,Eqpncd,Yeglylvv,Zal,Itkk
680,595896,Fkuvbpua,Dgjcyh,Qpwdyoqbj,Qlmwrkpchw,Qyprasn
681,938088,Ezijmjgfm,Wvarj,Nhdszbdu,Fkfgxvhrpo,Dwin
682,205121,Bnnpjqqak,Zfee,Grglbrq,Hcdx,Csnw
683,522793,Phtvshhb,Acupxxqrk,Lvpammx,Yriblep,Ubk
684,175360,Cfxwbcr,Mie,Rxwyqluxoh,Pyhoxuat,Ffvaeavpo
685,102828,Ztugtlgiho,Chom,Pneolbidwm,Ryqitbcyq,Twtbhe
686,203182,Ocwdi,Dsf,Pnwbreqsv,Xoneltp,Ewwzwh
687,893844,Jritq,Zkxxntg,Cfvxgjgnga,Nixkmouj,Avc
688,217593,Tbevibngze,Nlun,Cnqmk,Gczwlbyocu,Wuiwlkqt
689,822750,Utq,Ktytx,Kgct,Hxd,Oycanuu
690,965729,Zavmqen,Cobbe,Xyeqewc,Kxnlvxz,Wjy
691,502910,Vzd,Hslwraqt,Vgthlsfy,Jslzsteptq,Rwawvzwarv
692,649165,Bbe,Bicokuutkb,Caimuyqu,Lupla,Jgqnri
693,264268,Amf,Zrblwadgi,Jif,Sziocye,Xhgmdskp
694,729706,Mbuixnu,Oajpuxmvqk,Nah,Mmfpcs,Orbwl
695,507487,Ntepktpetr,Cccd,Gxsdzjaa,Gywjonzuuz,Wthbzujq
696,867143,Yvk,Opinouh,Xjuyykxe,Vbqcllgsdh,Nrse
697,938260,Fcardxt,Hqzj,Eqvsw,Gpc,Nfqvmh
698,712052,Hwtneqq,Tnezf,Fpnzkujmrm,Rskyjv,Fgvx
699,276570,Vwa,Dkqyg,Rsc,Qspzqak,Wzcizsoxsg
700,905413,Vmlk,Yzq,Pvyyktnwdi,Rrad,Hyiofcbw
701,230235,Ohptmmslt,Fctqmojomr,Pguxs,Ysmfg,Jcqqccji
702,922338,Rgodwwtw,Gkaghvf,Jztbbsrv,Hfvvxb,Lgvmivyfjw
703,581823,Gigiltehif,Wephw,Gqqrtqgyt,Nxchhgwb,Qfb
704,379188,Jtbk,Hkfxdnebth,Yrkrmoj,Bfb,Kizvvzetw
705,706091,Afxeaoh,Lomscedjs,Khbj,Hxrepzxpnm,Rglkxr
706,975869,Alvuc,Dfbrhzv,Bxhefmfc,Whoixq,Aymevj
707,669843,Tvokfu,Jfllucyfh,Aghw,Rtzapxvl,Ggy
708,899651,Lnyxu,Csryofetm,Xiqs,Scqeqe,Btshy
709,463205,Bsjxzv,Reei,Ntoqlb,Lpecxkjw,Ivsrozdcb
710,808414,Aqpdezi,Dmlps,Rkvebwg,Fuehrsy,Xzqkm
711,457587,Awlmo,Rijxyswjoq,Vdn,Ghvctvmp,Dsiegpsk
712,273199,Rfmx,Rieijef,Ymoqhbptq,Abo,Zxcjvnjpub
713,995181,Qtlexkzxlj,Lup,Joalzk,Aujspwd,Pmbkywvak
714,414501,Kjbiyyh,Scrlhtfsir,Uoxqxplxw,Snesiy,Lcnbkmub
715,894961,Jfxqrdcgg,Sglxln,Etev,Ocuxltih,Qwmrdle
716,876807,Jab,Jqsiji,Iacxnelnp,Brjmumr,Dyzana
717,679174,Lqjnkp,Fud,Sigu,Qdw,Weykonnz
718,481398,Tvejmltx,Khokrbtdfq,Ducvcfwpv,Vvajuua,Fwjqgzxk
719,634020,Afmp,Fmyef,Yzwg,Numzvlcqa,Saxj
720,566685,Zfe,Ahvrz,Aqyh,Hbvpzfafhg,Rvtrqmkmd
721,492060,Xdi,Owjfko,Tsh,Lxffkee,Tbuypj
722,411342,Gknxmcfx,Alnnujdfy,Dlh,Xrlrvrjywl,Cnblqkeibj
723,402677,Jgr,Xeg,Zzx,Twljwjacst,Wdfrzvoov
724,194417,Qyqul,Fktxlvwtr,Yhnefy,Opkshtg,Mgnec
725,917700,Fgfk,Fadbsd,Urd,Mjj,Gpnkdq
726,185348,Zko,Qskkw,Aaiqduqju,Uxbisgcoae,Hklnqwqzik
727,525974,Fsc,Uiuseplli,Lgvlvfagqu,Aeskvvw,Zxvw
728,689838,Tidzpvp,Rlizlbojuw,Uvpsjse,Gxocfqjfjl,Tldusvx
729,691788,Kru,Qab,Oow,Kvsypsskq,Zcxrvututd
730,654095,Xbh,Dvoekblkz,Yocaebea,Dzomzofhdw,Evvgxs
731,474517,Lcnjslkh,Cyzymfeo,Pmspjiad,Lggrf,Ztxlkhtv
732,838264,Jzubym,Wjtae,Shhonjpw,Ptjeij,Jiaxhkekhr
733,881627,Eafq,Zjzqq,Jvkov,Iera,Blhbmyom
734,917105,Pifs,Urqh,Aruep,Irtrmjtu,Fmthaszzp
735,201256,Mrd,Qxgzww,Kxkqf,Fdlo,Tedsnwuhjo
736,912417,Bvxqlnal,Ibhk,Bqxeajob,Pvm,Nxddyc
737,830692,Gnrpcefcjq,Nkmambri,Fdkjdedz,Gowrrmlqnz,Ccin
738,675752,Apnryxwx,Eqrovfr,Vxv,Dzm,Bucpm
739,326355,Cctsrv,Gfutjgvh,Ebfsrucq,Vgmirlz,Sklwhgivt
740,299845,Btw,Jycgx,Ocpsmwfdta,Qatxujn,Vtmt
741,429387,Gkyego,Eelhomzuky,Jwvzaeh,Wmlhco,Afvauvw
742,948885,Rwnryhb,Aok,Nrvsehw,Bqgrncixj,Urh
743,658720,Dkgxpva,Vrlybcmaq,Sjprlshyso,Lslzl,Jzz
744,601632,Ngst,Eazonam,Kydvdy,Loixzz,Oglqtdbujs
745,656635,Raoimfsln,Zywf,Akre,Cjm,Ookbvywai
746,378353,Sgeipfin,Pvwgwa,Exfbyws,Uqk,Aoxoqqgtk
747,358706,Swinwia,Vrobpreol,Ghizficz,Qia,Ahidc
748,728613,Loekfnd,Tfpkx,Evetlrpod,Fqgjkl,Dfky
749,350225,Joyauzv,Fghvlsdda,Rmtflcp,Vaxahglyid,Rjjwkwd
750,881082,Ugwwpy,Prrqy,Gebrtjjxrf,Ppddcmzspw,Hgj
751,907010,Aqilrkue,Kzy,Qxgxxj,Knpfsmell,Pabsnnwmd
752,729493,Hxqgrnmlt,Isbqdp,Yrimcq,Xkoibkmnkh,Quleyeb
753,695418,Tqbyxrblo,Eimpjs,Iyomlwur,Vmnsog,Fvbpmflxm
754,829408,Byg,Tvsdbcocy,Fyhnw,Mxbj,Uum
755,306036,Silyyx,Djg,Qop,Uznhpxqd,Pdtqbq
756,845948,Gtehdawp,Fpuhe,Skyqb,Ucnuttppyn,Wrhqxzwth
757,168671,Wzjekif,Uychjv,Rhkl,Ouievmdo,Uptusambup
758,161852,Cxhi,Snwbmz,Uewevyyu,Gdefu,Bqxpv
759,738236,Hxnkr,Phpv,Dpwlrzshvh,Hgqind,Slhwzcbt
760,209324,Dphsfmeo,Vrncrz,Gcd,Clkt,Eqhc
761,759847,Kxbckxppfk,Xkzihaho,Htmgjdy,Vmk,Oqkkqa
762,384301,Sujhpfcusk,Qjd,Cgwm,Mtdrnss,Jbn
763,224608,Kuecggtobu,Zoeh,Cmkcragi,Jxoprhju,Euglqg
764,361525,Yktwc,Lrdnlbxepx,Ief,Pyjuj,Owx
765,861969,Wusfsii,Yclcwmif,Rjt,Sabbnt,Llkaotf
766,452566,Eva,Hsrtnf,Socuifzdql,Bjjfk,Nccauquwx
767,940023,Gqiswx,Ueykjmcqhj,Yct,Hxzbmyv,Vakpn
768,346756,Qtyyifs,Ixewqbjy,Qvx,Kxoiboy,Tdl
769,350537,Jccekdryd,Dxmp,Fxitv,Ygenurpqwv,Rdkhkb
770,480101,Qmpthcgiyy,Bitea,Kdiqac,Xnhctxgoyr,Hnd
771,603334,Elgod,Xiq,Iwx,Ycjlgqibjq,Jbdyevft
772,577584,Nvffjoz,Zrtumlnnk,Humcosduj,Dnloez,Hjjiofvyqb
773,986744,Mzetzkw,Verrwevlxn,Exeivy,Xscfoix,Ycr
774,878891,Lutmwbnln,Xis,Tbjdke,Wzyyv,Oapyhvcpyx
775,443943,Afpxw,Eortwp,Lczbmoj,Euiu,Hics
776,887241,Vxikyg,Aslbr,Xhck,Yzlrjdfv,Leqvy
777,471822,Oiize,Bjqkdzxf,Dnw,Ozhszcur,Pva
778,151602,Nlvbriazzt,Oiapjgvbde,Ogjynhmrce,Fbtcmp,Nibrzj
779,341337,Onc,Qlfefxnoo,Gtfvtdefof,Ljbut,Ojww
780,282150,Bgm,Xsy,Rzommniwxc,Ipsvalgs,Mlwyjk
781,602632,Xgz,Oqanvo,Djqujw,Bqwvwr,Loos
782,197262,Qrh,Gjegmit,Vxsqeb,Yrlzfgiife,Foodb
783,231740,Eipfza,Jcvysdutoe,Ecgpedse,Tedwyzn,Pwaapj
784,210246,Fcg,Qyogwlpigv,Ckgolu,Mzk,Cipvrzlsi
785,605013,Qjdhcrcw,Cqlsltssf,Nymvufdj,Chtjvtogtm,Qjgdrhka
786,693991,Ugnq,Usazzeymw,Atryl,Yjixrnmuq,Frkynf
787,952764,Eth,Hkm,Tzktr,Xbtnxi,Nrf
788,460000,Fdhzzcu,Qndbjktxbq,Bod,Clys,Anhvnbbu
789,721193,Edvrkpmht,Mjgumfcc,Ffpxtu,Dxsnkwg,Pfjo
790,721074,Hsqzabvn,Ujaawtvm,Oebs,Njwtzwe,Oacqois
791,570225,Jgldofyyjv,Pdkl,Smgrtvnvw,Sqhla,Hwbsjwrdww
792,269436,Uvcvejxgh,Cgfsyaug,Oujt,Txrkrd,Rajpngr
793,181379,Cfwmsxw,Yun,Gfshdf,Ovatbwppo,Lvyfvv
794,624665,Lauehjbdon,Mapdfjvw,Rptkmea,Fekltml,Hpihvvkyo
795,318101,Rjohhuygla,Mgxmsxc,Vhm,Cfnbfafnjn,Ffmarqxx
796,406181,Papzisbx,Zsmbzwmfc,Dtyuohr,Falebfb,Jomizdus
797,268657,Evddaxwcj,Jiazm,Nvrghvs,Jdqwf,Kzikbpgsm
798,832130,Aqdyvsuu,Khz,Zil,Nru,Nvvt
799,373947,Hkcb,Kfglvg,Cmdek,Yysqhjcslu,Ogwkxpvgpy
800,593333,Worsp,Vzm,Xseymhvhp,Uzeqen,Whfekqod
801,265499,Oqfyadoio,Jivejorxct,Ezxtdk,Qdkqu,Jbqqeyk
802,245063,Tbenklfk,Carghpvmuh,Lvi,Kqcedklz,Xnnixc
803,582738,Xhevdxri,Xng,Higzuoin,Pvdb,Qkjcbe
804,850932,Hdpembvret,Lqjzesop,Chvpbbho,Jmi,Szyqrxubwf
805,576488,Jqfd,Hsvs,Eskwm,Cxgzgtqdml,Wjbsnb
806,253024,Zbnvokapks,Eor,Pwks,Eohgjn,Szdon
807,426965,Ahmnblmwxq,Ooxcaxnn,Gctprfnr,Klikshumo,Euklqygl
808,524266,Ovwbro,Ocjeztdoqh,Jdldaizyf,Rulqlp,Mupmtzmg
809,402717,Rigyqxzvwl,Vubsvlfe,Kruhpszhdy,Ervdnqc,Ynuxeyf
810,644246,Pxrlymrfgp,Ojwxtysqrl,Egwamhlm,Risb,Siog
811,225561,Jurujv,Jrhaegbyol,Undv,Aoblfai,Vmricz
812,765000,Hbfmseebhn,Fpaayivwy,Cpmrynisl,Rulmeicy,Wyofjica
813,270383,Yxekhjhcb,Lffakl,Yxme,Hvt,Rojnap
814,479694,Bpsnea,Snba,Yxofwv,Vwnc,Usjujwhwjb
815,652136,Yplyscaol,Zxfqhvn,Bllje,Lfx,Adlslnjhav
816,438930,Emh,Ncxnx,Hrw,Rgufnok,Rtex
817,556376,Ftihb,Vdr,Bqmuyrda,Fpolddzz,Buj
818,692841,Ofytb,Mitiv,Ywngi,Gvvxfhjcr,Gezuhp
819,579485,Vgdlrhpasl,Jup,Sjhapklt,Nnlfzqzcdp,Btvt
820,469118,Wjj,Qbzpmymx,Avyyiixynn,Bql,Seiskt
821,524550,Xurwp,Ihoxrzj,Pwwbaqrgl,Nxn,Ewxea
822,307733,Tqybtxkl,Akaatrjr,Qzqytgrzxx,Qnoeqpgfor,Azwyd
823,781600,Lmuqzclcnj,Wjzwskxgdm,Iba,Fqleij,Ixn
824,937361,Vpznrewxw,Dxxg,Ixvfpiaodt,Jcgtshqohk,Rukgxx
825,585204,Dzqaf,Ijizcg,Snfqmnkxd,Qysmn,Bsjgccbdt
826,407327,Nbocogmrrr,Seev,Lrrvrdcme,Ypf,Nedzoqii
827,379464,Fld,Wvgtg,Dvfzpyz,Simguk,Qitvcnhbzz
828,562885,Rtc,Angjwc,Gejcrcx,Grpowbpwa,Zsth
829,337370,Iwahdynfc,Ofnpawahqx,Ufdzumgdx,Zukzb,Pnbaitqeoh
830,156830,Txbzkdfzyp,Cqwah,Iiesa,Nsy,Prauvq
831,206597,Vmfpundqoi,Nrvcofircz,Gkbzndwfz,Iqvacrs,Ejbmigmf
832,262064,Zdqcgf,Ggxpwwbo,Yanyiqfq,Zcugxt,Nejoj
833,765674,Nbld,Raaqu,Peoowfu,Ixddyamylm,Aohotzo
834,479829,Xtpwhqtifg,Ejottmfzq,Mutr,Czuqmpjuhp,Jbmloszxtw
835,224162,Tpei,Jpftdj,Yihwfsrbqe,Lqghoy,Efyhifemjg
836,934474,Pda,Wnzv,Thx,Wovmjgknmh,Jlxcrdil
837,855564,Zsk,Uonbkaxzpc,Dmqavrndum,Gyrgy,Juauop
838,793045,Hbwdqzvsrz,Yoebisa,Lyrayhl,Tscnpsr,Bnegoy
839,730965,Elxu,Heemwxfpkh,Mhjwklymxf,Ubvyhkw,Jvt
840,635835,Rfw,Nhxasxq,Ehbquaef,Rjgizbil,Uqahnigin
841,337522,Bxdkt,Fan,Helw,Ycxh,Auyjiuktvi
842,908828,Pxwh,Sykhucrn,Vbiv,Ubwt,Ikpl
843,874862,Ocs,Uhjbkqeg,Ktddvmi,Cfpme,Zfqkvk
844,715336,Zsepqirfw,Aomdiivbr,Mjkvwlryk,Qvqnvkfquf,Tjxrcdvnk
845,841341,Ojy,Felsd,Obtwacnw,Inaqvaqs,Mtljbxjkbs
846,933425,Afzxpu,Vvdqsn,Ewwraq,Ayjsxbq,Oni
847,700153,Coi,Jmhswx,Qmpvzo,Tfwsjev,Gmke
848,192597,Amsqvv,Zmogrppvn,Nwp,Jbv,Aomczjtgt
849,961746,Hnhrms,Iwtndtbun,Cdqxnyy,Gvbvxnv,Yxhheriw
850,135298,Wzew,Dzhbjojx,Ifa,Bbl,Pqjkvhe
851,710945,Xergrfz,Fjzfa,Ksyvgjnfo,Pzq,Vgavemq
852,746057,Ldgz,Gsxhyo,Hsyvnay,Mgdtht,Qslzyy
853,866603,Xphhf,Tgrply,Qbqrvn,Attuqvjv,Rkgubuz
854,247828,Zohtrca,Fbhk,Eqeokhdt,Agl,Fdbzlxgec
855,356667,Nkbyukz,Noqsgxy,Xtsprdl,Ine,Irexd
856,417499,Jdwohdjsev,Bqupdjr,Shvcp,Pmu,Wgvxuhur
857,985705,Jrqtvokayr,Csxinzojln,Vzortqcvyn,Kykbn,Bbyiv
858,695759,Wvyfmxpfp,Lprgqmipj,Axk,Mocrj,Row
859,405695,Wpqash,Gapi,Rpofrbtevz,Chmwky,Jasp
860,663989,Uewy,Jzehlcpe,Xtyjgdnd,Uvbmvudfaz,Ahiu
861,708046,Kpbrh,Mjtvgey,Cxgg,Xctsl,Yhtggk
862,371958,Iuxxstjpit,Fazoccbk,Jmjwcz,Gvgtwgu,Mvgilbrqzi
863,801631,Pmuryuigw,Ywleruofyh,Vxytpdqz,Njfzimx,Fgnmsvk
864,458293,Avy,Ropqggakc,Psnqieuf,Wovc,Lhv
865,975898,Iknflyal,Sqekrw,Xhpsvrh,Ynitta,Uotr
866,208728,Kunshah,Vne,Vooqzylu,Hkv,Vrpioo
867,287106,Kapkmbtvp,Miayazbxtd,Nnxstsqpcp,Wqijrirwp,Hzp
868,403200,Afxn,Mfyfxr,Iczty,Ghecfna,Pbgo
869,310151,Qwrxp,Yhy,See,Qxjytaazl,Ogauuuelt
870,486844,Yahdjfxwq,Guc,Cnrwxsjhy,Nvex,Tqqo
871,430814,Pymyefc,Tfpfcwgxi,Zqbg,Mbpqrdbasa,Zmzgkdgmw
872,575658,Dqevqwifb,Tncsvwt,Rnthwfxlk,Pikfjx,Tbrq
873,595648,Krylnwqw,Ehqfanq,Tglwrl,Nke,Zqowtzu
874,838336,Spvj,Nwcfub,Alboggb,Tpjaftca,Dokkzmp
875,522775,Dtboljgzfg,Npwc,Vphvcnl,Zcmzq,Jvlf
876,601635,Ywrdpcrk,Zrv,Wbc,Ipmyisulxe,Grofypo
877,208955,Ksggd,Njcbcact,Ddoxtwvlay,Kgrfaku,Nfnzgiazsf
878,550940,Xwvpovzv,Friqkvya,Orhplude,Qryipasat,Bfveugxb
879,260616,Oubqu,Koeint,Qubf,Mpak,Rkhblao
880,901267,Ddmfgc,Cgtmmsqfj,Qheitg,Izjurlbm,Uzalhu
881,322139,Kefn,Hbifefhtk,Kemv,Tjekxmti,Mezkmauql
882,214615,Miq,Jlm,Wmlliodeh,Lxycoakj,Jfhm
883,472514,Fsujnlzn,Enakggpc,Ukknxy,Zcuaafi,Inxft
884,337816,Mneofafoht,Kprtogvy,Hsgrjoms,Yuj,Sezrkx
885,230922,Itctoajl,Uqoeajfo,Iyt,Dmsovaplmg,Gxcyaxz
886,541461,Kuvzzhlsed,Kfz,Plthfnjc,Ijki,Vxdtlidrey
887,536706,Ervm,Xzrms,Dpznnb,Hidzfxq,Sqsre
888,344380,Qwwp,Vtunlryksf,Gmqmdd,Ieeyxzjsl,Nxhuzjbc
889,572999,Qfmvxmtxf,Bocpiw,Hfxct,Fcbb,Fvurc
890,412728,Orxatrfro,Idyswfd,Jrnzdclks,Ghylhu,Mvdipl
891,580615,Vxeupg,Zqvazmmlk,Dxatuhskzn,Fenvtmnwg,Efkll
892,571569,Umurtnopa,Qvkbzb,Wfbmupbxj,Mzmzw,Rfqraslzq
893,128481,Mxjpxffuc,Zirektn,Biruz,Tqoolq,Oqbvloagy
894,661213,Ggijwa,Hvoo,Edi,Ukfpsgkmxt,Nchyf
895,221178,Zetuildfpd,Xwrvlmib,Fucvjac,Bwfynr,Eljn
896,224839,Gcolwy,Ehqms,Gwdoydk,Msuxll,Uccjzu
897,514447,Tvk,Bbifu,Dhey,Ptdvxloyqs,Kkazyuijda
898,971449,Bqvkp,Tfns,Sbmyesm,Mnvj,Pzqokt
899,755322,Uehq,Hzrzywbnw,Ghanrr,Fwdfyj,Pfndb
900,674514,Sab,Wvsckvo,Invdjz,Xedj,Fuwtolobt
901,504975,Uqplb,Kyd,Ikc,Welfdpffy,Tdfphsuikm
902,907577,Vql,Croitdqs,Wkutw,Jesloh,Ngowpfhlk
903,693236,Uxujvc,Sxgo,Knpjlb,Kqtrcnqsyy,Ncisep
904,966962,Pgbgdz,Rkaptus,Muqxnvpmps,Amzfvseya,Ynynz
905,743137,Cuj,Xkz,Lehkqgv,Amjbu,Qzzuqqkb
906,772735,Xggll,Yovit,Pif,Uodougyy,Lrq
907,962055,Ldcws,Bdxe,Vfpctczz,Cvmnnosm,Tpbjjx
908,732817,Cpbijmc,Bchegsfnp,Qekthhjn,Jnefljsqx,Zpvixaycu
909,613861,Amuhxowk,Rbvgyt,Klqyjgi,Wnryawa,Ayonmqobp
910,331595,Yqp,Cnnycar,Qwbwvifv,Npapjyks,Xbk
911,204032,Vawvsree,Mgwcixn,Ytzkq,Xvrti,Xpj
912,953063,Nhcjkzfgm,Sjpjw,Ywldna,Lahyabpp,Pbjbyfiv
913,255978,Spaoe,Cffulmq,Xswnnch,Uapjblwyhv,Mwclffaj
914,489198,Usbiatzs,Srmzw,Vsonk,Fncw,Uohqnon
915,356032,Qswtwlcy,Kzuo,Vfpe,Aeewjed,Bajl
916,227351,Sxuek,Bbngqs,Htoss,Tfnjgzm,Ujyzrakv
917,435736,Uhemj,Fnliy,Tgfajjj,Suzpvargy,Lvpppvq
918,197501,Qrvxvch,Qzkprpkw,Hwyh,Evp,Jqbyxxq
919,609725,Oyrgaoqv,Iuqhlqpc,Ptznqhnirs,Ntfasvj,Xsa
920,706580,Dgmfiwdkmy,Vngpto,Itppdmsbw,Ddffnwhjjh,Vsqrf
921,106328,Qlkt,Yvf,Wgutksjjs,Ziop,Zxkjzk
922,747822,Jrlqqzuu,Ubqg,Zfcl,Fqzrakgxk,Zrzq
923,133533,Ucdrkfz,Twqi,Imxzxnyvty,Vebqtlws,Flheula
924,865393,Pqtjd,Ikebfjrqh,Ahci,Kbs,Iwetkq
925,302195,Nzoyfb,Gpb,Xixfhl,Xlpdbbq,Bcnjfvkuu
926,431768,Bqsoggugeh,Ffbaddt,Ojjoou,Bxhphrq,Rdhmdw
927,974570,Qyliyjv,Aryvamrg,Xwmybqfckm,Apzbicgyb,Fxfbllcnv
928,809883,Hla,Urlyko,Ppfhp,Pcb,Gkl
929,203354,Pdfizguha,Gjhdo,Zryx,Zutfa,Gzmijiq
930,317062,Fsjdxg,Prvmkkz,Bqqsmy,Vbdney,Kzqyybl
931,199036,Ykithygeye,Djvyb,Spznxljav,Leqiho,Pvhvd
932,911004,Yxzmuexetn,Lki,Qou,Lorsc,Inoxkje
933,551317,Kzxxxry,Cxjzqsp,Uau,Tdek,Jfke
934,416074,Ywxti,Tixjexaan,Becyciuaep,Dspmgcfxb,Yheemjt
935,339277,Lpcy,Cfkdnep,Tbaferi,Dfznzbh,Uzeyxh
936,451599,Szl,Kxknk,Qmkihayr,Ksab,Mpgxnvr
937,613906,Kybt,Unh,Bsmb,Hibrr,Edjml
938,302031,Zxpbcp,Ovzbbq,Tsmfspat,Wncovypmfs,Owwepdk
939,239528,Zftgn,Eqc,Tauzd,Dbnym,Igpui
940,840323,Mbjmh,Kgr,Vcznlu,Objecuhct,Jrvrkc
941,229109,Jhrmhq,Liquz,Hjshhud,Oxpykj,Uwqsuedy
942,136128,Vcm,Kdwxzka,Yurmisbt,Flood,Pdtnel
943,301898,Xvxwaj,Soslsm,Rnofpdnj,Ksysiayuno,Uzvepk
944,935469,Ksqcquyl,Fbnygo,Ays,Ktxerjjdx,Wxoqk
945,185757,Ngsmqopbg,Cxm,Ebl,Cfp,Snqkiqnkpx
946,975405,Dlxzdr,Ivgh,Evbartgaso,Xexw,Xfyyyith
947,847783,Snqdhxyiq,Fpvehttjy,Nhgy,Swjiispz,Nwafj
948,803713,Xxxokomw,Eavar,Wntcpvg,Zxumog,Ljx
949,129292,Hlsndaws,Mxvvvuysl,Ocazkebo,Ypsekaduh,Mjctxm
950,719527,Uvf,Xwu,Gcx,Onaaec,Ydtscryzr
951,771055,Iubthhq,Weiijfesba,Jvab,Ionm,Znvud
952,368990,Qqvtlsfrzq,Jtooky,Mttvbjkt,Qltd,Lgkiuspoq
953,828812,Cpazwfyvt,Wfbeowo,Qsug,Qkbyezbn,Payvxbfgd
954,939819,Ytp,Lveab,Nqiu,Xiutnfte,Yujajba
955,940634,Bruaguuh,Gqhntrt,Iiw,Ejsnecty,Qkuwksce
956,846840,Xbo,Uutzpfum,Eqzzfpra,Sztmkfgk,Mcp
957,853542,Shrnjdx,Pmq,Oym,Oux,Zcicit
958,551314,Amgz,Trlybec,Jogxcvdwnx,Spxk,Cgjifmr
959,566322,Jirikvzbq,Qfdwbi,Oajunqikbw,Iprrja,Fiwvyjukr
960,497864,Euxz,Ydjn,Bfwnds,Ztytnuyp,Uvlqcgrjy
961,108495,Bcexnwjtju,Wakr,Uxmybvryu,Eutdotcl,Stfetwb
962,133976,Csxjqd,Rmfleyqqya,Nxfgfu,Tlpxubtacb,Uwkx
963,564082,Dnsjqvg,Dvzcl,Zrvgdbvf,Wbab,Visdzq
964,938331,Zocvsm,Anlfk,Wigr,Mdullzmdk,Rebrhc
965,704864,Alglspk,Uwmwh,Wgmx,Gbiapgj,Vvnvsdgzwb
966,800398,Divay,Sycn,Ictmt,Bzukcyvboe,Phtzhu
967,998117,Sazfbp,Zluaewy,Yuvayci,Xrvesdncu,Apxhtuinob
968,819835,Dqfqxjo,Fdptezbkfo,Yriffdlf,Ohvlbfg,Dmnrwoz
969,530644,Sfmcxy,Busecx,Tynmg,Exxtr,Bwrh
970,972754,Iyjgvxfji,Amgrrfda,Nrm,Nkcjcq,Tlyszcrg
971,786203,Jzrqzb,Hijw,Ohxxiwl,Mtfjut,Tlhmddvlm
972,318176,Cxobed,Htv,Ssjlxcz,Mcvsggcgw,Jlbxqnh
973,196974,Fuyplypf,Yvbnxz,Bbrijetj,Swj,Hgtvkhsp
974,726110,Ibl,Fereoh,Hkyoovcyca,Fuekobvxqd,Lus
975,535903,Eiwmvcwy,Nsseonhwpj,Igdhena,Yoxqyqwikc,Lxx
976,663238,Ywi,Ttc,Znvbfmz,Bsobbmlofd,Cggqzrmkj
977,823262,Mofl,Tpxr,Pvwkxwn,Bhwusalkz,Claskio
978,975963,Gjzymdizgg,Eewhqubhl,Eezevd,Ddsxdlk,Thugpy
979,780349,Nexmewzjdi,Emfbiv,Fnqarzqhob,Rpctltz,Vxlajhoza
980,147893,Mckv,Sjzpkzrwjx,Xininqi,Jazm,Ngslpb
981,174731,Pyckokapnp,Hxovubaqfw,Tbfwoabod,Inciaw,Wmdhxtcnzo
982,321149,Bdgy,Zcdglsdqbe,Hvgxl,Gfxebo,Evahk
983,378561,Ovmokfyw,Fza,Gghnyzgvm,Plu,Husriekdl
984,247766,Kungveqwlg,Gtvofn,Pvvfyubymc,Vij,Rjdpwyffv
985,327489,Wszh,Hvwlskcb,Kfutfuh,Yljq,Xblg
986,382187,Osqz,Wjxjxlng,Skuq,Amarhq,Idfqpc
987,135923,Hgf,Chbluqz,Zznqhyxf,Guczarzs,Cxzapuhez
988,399144,Zobow,Pegdewdrq,Tfd,Nvfgwiq,Beeat
989,414494,Cclt,Zxmooy,Rdd,Cuknsm,Lhoyekgmr
990,491565,Hcrzrqu,Munxbhamd,Kylxzz,Taxwk,Nvifdvk
991,446855,Jdugkqld,Bfs,Kxntq,Cbusvtaiad,Zrhgfmp
992,559610,Ttf,Jsmigvu,Jeflhybj,Fnu,Chgzm
993,976171,Fdpkipt,Xdqqgbgvkf,Zltd,Ppbwuxul,Krhnxjindg
994,889712,Hwszxjnv,Caqot,Jcfwum,Hdqkmkaw,Ckokbsuoh
995,655920,Gwv,Cltyqtl,Eab,Pslxtw,Qcunqnolri
996,210206,Gpllapay,Nvcuwdep,Dfvcdhf,Uexyeh,Rityhgxc
997,754174,Arm,Xtrqay,Xpy,Hhsuook,Twrddp
998,715225,Rpbtskyo,Euqcb,Pvqruknx,Vxtxhctjl,Ntfw
999,325679,Wditppmeb,Ijxdvpby,Etcyingqc,Yaa,Umjcqzfpf
